id,question,expected_answer,user_answer
c3a04538-6f32-451e-ba13-9643a323c9a0,At what mileage or month interval is it recommended to replace the spark plugs?,"At 40,000 miles or 48 months."," The recommended interval for spark plug replacement is every 50,000 miles or 60 months, as stated in the context above."
02da9bfb-e99a-4e90-b70d-b91bba57691e,"What should be done to the HV battery cooling intake filter every 5,000 miles?",Visually check the HV battery cooling intake filter for dirt or dust and clean if necessary," The HV battery cooling intake filter should be inspected and replaced if necessary every 5,000 miles."
62462b63-994d-4125-8d0f-17b1090e10fb,What is recommended by Toyota to ensure optimum performance and maintain the quality of the vehicle's emission control systems?,Toyota recommends the use of Toyota Genuine Parts when servicing or repairing the vehicle's emission control systems., Toyota recommends the use of Toyota Genuine Parts when servicing or repairing the systems.
26c41117-389c-4a54-bdb5-7d39e0ed3761,What should be inspected or replaced at specified intervals to prevent leakage in the vehicle's transmission system?,"Automatic Transmission Fluid, Front and Rear Differential Oil, and Transfer Case Oil"," Automatic transmission fluid, front and rear differential oil, transfer case oil, and vacuum pump for brake booster should be inspected or replaced at specified intervals to prevent leakage in the vehicle's transmission system."
aa2df512-f64f-4e86-9d94-501eb1b977b9,What is the duration of the Basic Warranty coverage for a 2023 Toyota vehicle?,"36 months or 36,000 miles, whichever occurs first"," The Basic Warranty coverage for a 2023 Toyota vehicle is for 36 months or 36,000 miles, whichever occurs first."
1b0ff6d7-0b47-4555-b7ea-73cbcf3dbcc7,What is the purpose of the California Emission Control Warranty?,To cover vehicles equipped with a California Certified Emission Control System that are registered and operated in California or any state that adopts California emission warranty provisions," The purpose of the California Emission Control Warranty is to cover the emission control system on eligible vehicles for a certain period of time, as required by CARB regulations. This warranty ensures that the vehicle meets the state's strict anti-smog standards and will be repaired at no cost to the owner if a warrantable condition exists. It also applies to vehicles registered and operated in other states that adopt California emission warranty provisions."
a14d23d0-275b-4256-84f9-4a27ca4ddf02,For how long does the Corrosion Perforation Warranty provide coverage?,"60 months, regardless of mileage"," The Corrosion Perforation Warranty provides coverage for 60 months, regardless of mileage."
63701f84-8657-4735-a47c-8263af1c2f08,What is the coverage period for the Emission Performance Warranty under federal regulations?,"Two years or 24,000 miles from the vehicleâ€™s in-service date, whichever occurs first"," The coverage period for the Emission Performance Warranty is two years or 24,000 miles from the vehicle's in-service date, whichever occurs first."
6c5dc801-89fc-45ff-abd5-ef965c06f426,At what intervals should the engine oil and oil filter be replaced in a Toyota vehicle certified for 0W-20 motor oil under normal conditions?,"10,000 miles or 12 months"," The engine oil and oil filter should be replaced at 10,000 miles or 12 months if 0W-20 motor oil is being used. If 0W-20 is not available, 5W-20 mineral oil may be used but must be replaced at 5,000 miles or six months. "
782e37d5-cc56-4fa8-b94a-547e08797d82,What should you do if your Toyota vehicle fails an EPA-approved emissions test?,Take your vehicle to an authorized Toyota dealership and present a copy of the emissions test report along with your maintenance records.," You should take your vehicle to an authorized Toyota dealership and present a copy of the emissions test report, as well as your maintenance records. If your claim qualifies for coverage, the dealership will repair your vehicle within 30 days. If your claim is denied, Toyota will notify you in writing of the reason. If there are any delays, Toyota will repair your vehicle free of charge if they fail to notify you within the same period or if the delay is caused by factors beyond their control."
e267e852-b9f0-491d-b861-5c8d20b6a9a4,"What maintenance item should be performed by a qualified technician and involves checking for cracks, deterioration, and damage?",Drive Shaft Boots inspection," The inspection and replacement of brake lines and hoses should be performed by a qualified technician and involves checking for cracks, deterioration, and signs of leakage."
1b02d4e3-2338-430f-8c8e-bd5a7ae0c340,What type of coolant is recommended for use in the vehicle according to the maintenance guide?,"Genuine Toyota Super Long-Life Coolant or similar high-quality non-silicate, non-amine, non-borate ethylene-glycol coolant with long-life hybrid organic acid technology"," The maintenance guide recommends using ""intercooler coolant"" for the vehicle."
746182ed-a061-421b-b531-68c11b269af4,What should you do if your vehicle fails a smog-check test?,"If your vehicle fails a smog-check test, you should take it to an authorized Toyota dealership and present a copy of the smog-check test report along with your maintenance records.", You should take your vehicle to an authorized Toyota dealership and present a copy of the smog-check test report. You should also bring your maintenance records in case they are needed.
22afbca9-8886-40e8-9721-f7733f325ef4,For how long is towing service covered under the New Vehicle Limited Warranty if your Toyota is inoperable due to failure of a warranted part?,For the duration of the New Vehicle Limited Warranty.," Towing service is covered for the duration of the 60 month/5 year New Vehicle Limited Warranty, regardless of mileage, if your Toyota is inoperable due to failure of a warranted part."
b45f9cfb-2054-4a80-b73e-89bc7d220bfd,What is the recommended maintenance interval for Toyota vehicles according to the guide?,"Every 5,000 miles or six months, whichever comes first."," The recommended maintenance interval for Toyota vehicles is every 5,000 miles or six months, whichever comes first. It is also recommended to keep an eye on mileage and low-mileage drivers should mark their calendars to remind themselves to obtain maintenance every six months. "
0744e3f9-4019-4850-8890-84931b9002e6,What does the Powertrain Warranty for a 2023 Toyota vehicle cover?,"Repairs needed to correct defects in materials or workmanship of any component listed in the Powertrain Warranty section, subject to certain exceptions"," The Powertrain Warranty for a 2023 Toyota vehicle covers repairs needed to correct defects in materials or workmanship of components such as the engine, transmission and transaxle, front-wheel-drive system, rear-wheel-drive system, and restraint systems. The coverage is for 60 months or 60,000 miles, whichever occurs first."
5f4479c2-66f6-4919-99c3-a7948efab143,"What should be done if a Toyota vehicle is driven under special operating conditions such as on dirt roads or dusty roads at 10,000 miles or 12 months?","Inspect ball joints and dust covers, inspect drive shaft boots (4WD), inspect engine air filter, inspect steering linkage and boots, re-torque propeller shaft bolt, and tighten nuts and bolts on chassis and body."," In this case, the owner should inspect the engine air filter and replace the engine oil and oil filter. They should also tighten nuts and bolts on the chassis and body."
4440f5eb-cb3a-410a-bd1b-b38ac922e9f8,What additional maintenance item is recommended for Toyota vehicles driven under special operating conditions such as towing or heavy loading?,"Replace front differential oil (4WD), Replace rear differential oil, Replace transfer case oil (4WD), Tighten nuts and bolts on chassis and body", Re-torque propeller shaft bolt4 and tighten nuts and bolts on chassis and body.
35ff7c7c-a618-461b-85b5-ef484b5e7b35,How often does Toyota recommend obtaining scheduled maintenance for your vehicle?,"Toyota recommends obtaining scheduled maintenance for your vehicle every 5,000 miles or six months, whichever comes first."," Every 5,000 miles or six months, whichever comes first."
